Department Name,Municipality Name,altitude_MIN,altitude_MAX,altitude_MEAN
ANTIOQUIA,MEDELLÍN,1452,2613,"1658,447804"
ANTIOQUIA,ABEJORRAL,2149,2243,"2186,887497"
ANTIOQUIA,ABRIAQUÍ,1910,2008,"1943,447703"
ANTIOQUIA,ALEJANDRÍA,1630,1700,"1660,364122"
ANTIOQUIA,AMAGÁ,1301,1573,"1411,112236"
ANTIOQUIA,AMALFI,1554,1629,"1569,751632"
ANTIOQUIA,ANDES,1233,1475,"1328,849714"
ANTIOQUIA,ANGELÓPOLIS,1808,1967,"1888,737052"
ANTIOQUIA,ANGOSTURA,1653,1820,"1725,939153"
ANTIOQUIA,ANORÍ,1517,1654,"1583,146872"
ANTIOQUIA,SANTA FÉ DE ANTIOQUIA,534,681,"591,12106"
ANTIOQUIA,ANZÁ,613,746,"671,334705"
ANTIOQUIA,APARTADÓ,31,62,"42,205034"
ANTIOQUIA,ARBOLETES,3,20,"12,434696"
ANTIOQUIA,ARGELIA,1704,1863,"1767,226703"
ANTIOQUIA,ARMENIA,1692,1852,"1793,094166"
ANTIOQUIA,BARBOSA,1286,1508,"1323,301931"
ANTIOQUIA,BELMIRA,2519,2589,"2541,872167"
ANTIOQUIA,BELLO,1399,2101,"1527,745437"
ANTIOQUIA,BETANIA,1487,1715,"1593,562628"
ANTIOQUIA,BETULIA,1537,1818,"1663,181748"
ANTIOQUIA,CIUDAD BOLÍVAR,1121,1378,"1222,646094"
ANTIOQUIA,BRICEÑO,1162,1443,"1270,947658"
ANTIOQUIA,BURITICÁ,1574,1770,"1650,96477"
ANTIOQUIA,CÁCERES,82,131,"98,630319"
ANTIOQUIA,CAICEDO,1781,1886,"1824,526761"
ANTIOQUIA,CALDAS,1736,1919,"1800,807208"
ANTIOQUIA,CAMPAMENTO,1619,1826,"1721,906996"
ANTIOQUIA,CAÑASGORDAS,1206,1404,"1290,276129"
ANTIOQUIA,CARACOLÍ,612,700,"634,671734"
ANTIOQUIA,CARAMANTA,2066,2184,"2130,127046"
ANTIOQUIA,CAREPA,39,75,"49,30989"
ANTIOQUIA,EL CARMEN DE VIBORAL,2137,2230,"2176,610469"
ANTIOQUIA,CAROLINA,1790,1856,"1814,538041"
ANTIOQUIA,CAUCASIA,39,113,"60,363247"
ANTIOQUIA,CHIGORODÓ,38,54,"46,542621"
ANTIOQUIA,CISNEROS,1022,1228,"1080,054219"
ANTIOQUIA,COCORNÁ,1228,1430,"1321,761724"
ANTIOQUIA,CONCEPCIÓN,1835,1946,"1867,943982"
ANTIOQUIA,CONCORDIA,1848,2136,"1990,886745"
ANTIOQUIA,COPACABANA,1414,1679,"1486,34105"
ANTIOQUIA,DABEIBA,402,670,"466,046281"
ANTIOQUIA,DONMATÍAS,2152,2237,"2191,259505"
ANTIOQUIA,EBÉJICO,1145,1237,"1192,457581"
ANTIOQUIA,EL BAGRE,40,126,"69,276261"
ANTIOQUIA,ENTRERRÍOS,2296,2375,"2320,517969"
ANTIOQUIA,ENVIGADO,1533,1873,"1637,436157"
ANTIOQUIA,FREDONIA,1683,2058,"1845,702208"
ANTIOQUIA,FRONTINO,1215,1495,"1366,69299"
ANTIOQUIA,GIRALDO,1779,2154,"2002,746655"
ANTIOQUIA,GIRARDOTA,1332,1645,"1413,824118"
ANTIOQUIA,GÓMEZ PLATA,1814,1889,"1837,095487"
ANTIOQUIA,GRANADA,2012,2203,"2099,672374"
ANTIOQUIA,GUADALUPE,1801,1980,"1885,653054"
ANTIOQUIA,GUARNE,2142,2235,"2169,688974"
ANTIOQUIA,GUATAPÉ,1898,1963,"1914,439545"
ANTIOQUIA,HELICONIA,1372,1577,"1455,270927"
ANTIOQUIA,HISPANIA,907,1067,"986,385534"
ANTIOQUIA,ITAGÜÍ,1516,1828,"1614,036751"
ANTIOQUIA,ITUANGO,1416,1807,"1595,161385"
ANTIOQUIA,JARDÍN,1671,1881,"1784,604434"
ANTIOQUIA,JERICÓ,1911,2125,"2002,971532"
ANTIOQUIA,LA CEJA,2135,2234,"2167,869229"
ANTIOQUIA,LA ESTRELLA,1615,1890,"1750,464"
ANTIOQUIA,LA PINTADA,594,719,"617,318275"
ANTIOQUIA,LA UNIÓN,2479,2535,"2497,544625"
ANTIOQUIA,LIBORINA,668,826,"727,059864"
ANTIOQUIA,MACEO,910,1084,"957,148307"
ANTIOQUIA,MARINILLA,2091,2188,"2124,789163"
ANTIOQUIA,MONTEBELLO,2258,2493,"2370,642937"
ANTIOQUIA,MURINDÓ,20,30,"24,149099"
ANTIOQUIA,MUTATÁ,134,184,"147,306727"
ANTIOQUIA,NARIÑO,1555,1805,"1702,11198"
ANTIOQUIA,NECOCLÍ,6,66,"17,284126"
ANTIOQUIA,NECHÍ,26,42,"33,936452"
ANTIOQUIA,OLAYA,467,521,"498,066465"
ANTIOQUIA,PEÑOL,1930,2051,"1983,672767"
ANTIOQUIA,PEQUE,1106,1377,"1206,883929"
ANTIOQUIA,PUEBLORRICO,1708,1890,"1829,324307"
ANTIOQUIA,PUERTO BERRÍO,101,162,"122,511052"
ANTIOQUIA,PUERTO NARE,134,171,"142,290408"
ANTIOQUIA,PUERTO TRIUNFO,161,181,"168,822707"
ANTIOQUIA,REMEDIOS,599,758,"706,656297"
ANTIOQUIA,RETIRO,2157,2360,"2192,126034"
ANTIOQUIA,RIONEGRO,2089,2180,"2126,631675"
ANTIOQUIA,SABANALARGA,723,980,"854,289179"
ANTIOQUIA,SABANETA,1575,1778,"1630,077713"
ANTIOQUIA,SALGAR,1220,1461,"1316,126403"
ANTIOQUIA,SAN ANDRÉS DE CUERQUÍA,1290,1666,"1465,419566"
ANTIOQUIA,SAN CARLOS,971,1057,"995,423829"
ANTIOQUIA,SAN FRANCISCO,1220,1361,"1282,470461"
ANTIOQUIA,SAN JERÓNIMO,671,898,"766,976621"
ANTIOQUIA,SAN JOSÉ DE LA MONTAÑA,2544,2684,"2604,794509"
ANTIOQUIA,SAN JUAN DE URABÁ,3,39,"21,636104"
ANTIOQUIA,SAN LUIS,1011,1163,"1084,253806"
ANTIOQUIA,SAN PEDRO DE LOS MILAGROS,2465,2540,"2497,315954"
ANTIOQUIA,SAN PEDRO DE URABÁ,131,168,"143,88674"
ANTIOQUIA,SAN RAFAEL,997,1100,"1021,092719"
ANTIOQUIA,SAN ROQUE,1432,1494,"1450,900571"
ANTIOQUIA,SAN VICENTE,2145,2220,"2175,049908"
ANTIOQUIA,SANTA BÁRBARA,1679,1914,"1798,104197"
ANTIOQUIA,SANTA ROSA DE OSOS,2508,2621,"2571,04744"
ANTIOQUIA,SANTO DOMINGO,1955,2005,"1973,228374"
ANTIOQUIA,EL SANTUARIO,2124,2229,"2156,309629"
ANTIOQUIA,SEGOVIA,569,739,"670,227435"
ANTIOQUIA,SONSÓN,2426,2625,"2532,664716"
ANTIOQUIA,SOPETRÁN,615,959,"749,972288"
ANTIOQUIA,TÁMESIS,1552,1747,"1659,590351"
ANTIOQUIA,TARAZÁ,92,193,"125,7796"
ANTIOQUIA,TARSO,1278,1460,"1360,112393"
ANTIOQUIA,TITIRIBÍ,1440,1642,"1555,37516"
ANTIOQUIA,TOLEDO,1768,1922,"1837,453011"
ANTIOQUIA,TURBO,8,24,"14,52913"
ANTIOQUIA,URAMITA,646,777,"689,619414"
ANTIOQUIA,URRAO,1813,1933,"1866,793509"
ANTIOQUIA,VALDIVIA,986,1199,"1087,314488"
ANTIOQUIA,VALPARAÍSO,1327,1458,"1377,392686"
ANTIOQUIA,VEGACHÍ,978,1034,"987,821802"
ANTIOQUIA,VENECIA,1204,1442,"1329,063268"
ANTIOQUIA,VIGÍA DEL FUERTE,25,38,"28,207351"
ANTIOQUIA,YALÍ,1179,1283,"1233,624524"
ANTIOQUIA,YARUMAL,2120,2465,"2282,111284"
ANTIOQUIA,YOLOMBÓ,1411,1523,"1458,572191"
ANTIOQUIA,YONDÓ,65,105,"76,590838"
ANTIOQUIA,ZARAGOZA,53,120,"78,745837"
ATLÁNTICO,"BARRANQUILLA, DISTRITO ESPECIAL, INDUSTRIAL Y PORTUARIO",0,136,"34,689069"
ATLÁNTICO,BARANOA,92,135,"111,036078"
ATLÁNTICO,CAMPO DE LA CRUZ,0,6,"1,110403"
ATLÁNTICO,CANDELARIA,0,12,"4,706965"
ATLÁNTICO,GALAPA,28,89,"53,685771"
ATLÁNTICO,JUAN DE ACOSTA,28,66,"39,407765"
ATLÁNTICO,LURUACO,16,83,"32,11285"
ATLÁNTICO,MALAMBO,0,39,"9,920156"
ATLÁNTICO,MANATÍ,0,19,"4,705301"
ATLÁNTICO,PALMAR DE VARELA,0,9,"1,446372"
ATLÁNTICO,PIOJÓ,254,371,"303,162039"
ATLÁNTICO,POLONUEVO,52,87,"76,396433"
ATLÁNTICO,PONEDERA,0,11,"5,858579"
ATLÁNTICO,PUERTO COLOMBIA,0,99,"18,330648"
ATLÁNTICO,REPELÓN,0,16,"7,676861"
ATLÁNTICO,SABANAGRANDE,0,14,"3,165008"
ATLÁNTICO,SABANALARGA,67,112,"90,365414"
ATLÁNTICO,SANTA LUCÍA,0,12,"2,059402"
ATLÁNTICO,SANTO TOMÁS,0,14,"2,850701"
ATLÁNTICO,SOLEDAD,0,85,"23,547909"
ATLÁNTICO,SUAN,0,8,"1,713584"
ATLÁNTICO,TUBARÁ,205,313,"247,229623"
ATLÁNTICO,USIACURÍ,84,135,"107,333805"
"BOGOTÁ, D.C.","BOGOTÁ, DISTRITO CAPITAL",2533,3254,"2616,995252"
BOLÍVAR,"CARTAGENA DE INDIAS, DISTRITO TURÍSTICO Y CULTURAL",-14,146,"7,773964"
BOLÍVAR,ACHÍ,8,37,"19,913163"
BOLÍVAR,ALTOS DEL ROSARIO,17,47,"26,38454"
BOLÍVAR,ARENAL,35,47,"41,970602"
BOLÍVAR,ARJONA,38,73,"55,285635"
BOLÍVAR,ARROYOHONDO,20,43,"27,607335"
BOLÍVAR,BARRANCO DE LOBA,16,41,"26,702123"
BOLÍVAR,CALAMAR,0,12,"3,958643"
BOLÍVAR,CANTAGALLO,55,81,"63,913942"
BOLÍVAR,CICUCO,2,23,"13,586465"
BOLÍVAR,CÓRDOBA,6,23,"12,405055"
BOLÍVAR,CLEMENCIA,41,75,"56,69687"
BOLÍVAR,EL CARMEN DE BOLÍVAR,138,213,"164,400214"
BOLÍVAR,EL GUAMO,58,105,"69,111872"
BOLÍVAR,EL PEÑÓN,22,65,"31,258974"
BOLÍVAR,HATILLO DE LOBA,18,37,"24,772588"
BOLÍVAR,MAGANGUÉ,0,46,"21,631723"
BOLÍVAR,MAHATES,0,11,"4,379221"
BOLÍVAR,MARGARITA,6,28,"18,770155"
BOLÍVAR,MARÍA LA BAJA,0,25,"11,50489"
BOLÍVAR,MONTECRISTO,24,102,"37,985398"
BOLÍVAR,MOMPÓS,6,28,"13,5733"
BOLÍVAR,MORALES,32,46,"39,149554"
BOLÍVAR,NOROSÍ,46,87,"56,066482"
BOLÍVAR,PINILLOS,10,30,"16,186116"
BOLÍVAR,REGIDOR,27,40,"32,016505"
BOLÍVAR,RÍO VIEJO,31,42,"35,316801"
BOLÍVAR,SAN CRISTÓBAL,0,15,"3,591624"
BOLÍVAR,SAN ESTANISLAO DE KOSTKA,0,41,"12,984324"
BOLÍVAR,SAN FERNANDO,9,26,"16,998162"
BOLÍVAR,SAN JACINTO,220,293,"244,89364"
BOLÍVAR,SAN JACINTO DEL CAUCA,23,36,"29,115162"
BOLÍVAR,SAN JUAN NEPOMUCENO,156,228,"174,137291"
BOLÍVAR,SAN MARTÍN DE LOBA,21,49,"33,502789"
BOLÍVAR,SAN PABLO,56,91,"66,037316"
BOLÍVAR,SANTA CATALINA,23,38,"30,934221"
BOLÍVAR,SANTA ROSA DE LIMA,19,53,"31,381045"
BOLÍVAR,SANTA ROSA DEL SUR,555,677,"619,134712"
BOLÍVAR,SIMITÍ,35,72,"51,069502"
BOLÍVAR,SOPLAVIENTO,0,8,"0,684751"
BOLÍVAR,TALAIGUA NUEVO,6,28,"13,268525"
BOLÍVAR,Tiquisio,6,50,"22,093127"
BOLÍVAR,TURBACO,0,213,"116,048173"
BOLÍVAR,TURBANÁ,57,172,"84,442357"
BOLÍVAR,VILLANUEVA,77,136,"100,350054"
BOLÍVAR,ZAMBRANO,3,24,"9,803286"
BOYACÁ,TUNJA,2692,2987,"2766,220649"
BOYACÁ,ALMEIDA,1905,1983,"1939,798861"
BOYACÁ,AQUITANIA,3039,3095,"3056,532892"
BOYACÁ,ARCABUCO,2547,2635,"2579,171516"
BOYACÁ,BELÉN,2644,2700,"2664,770157"
BOYACÁ,BERBEO,1320,1389,"1355,530223"
BOYACÁ,BETÉITIVA,2564,2648,"2607,503636"
BOYACÁ,BOAVITA,2135,2272,"2191,882336"
BOYACÁ,BOYACÁ,2388,2512,"2437,381934"
BOYACÁ,BRICEÑO,1346,1379,"1367,429992"
BOYACÁ,BUENAVISTA,2178,2234,"2200,414086"
BOYACÁ,BUSBANZÁ,2487,2511,"2493,449358"
BOYACÁ,CALDAS,2643,2713,"2680,570196"
BOYACÁ,CAMPOHERMOSO,1093,1158,"1117,816306"
BOYACÁ,CERINZA,2710,2835,"2749,005452"
BOYACÁ,CHINAVITA,1725,1842,"1783,452149"
BOYACÁ,CHIQUINQUIRÁ,2557,2689,"2580,232954"
BOYACÁ,CHISCAS,2359,2433,"2387,830744"
BOYACÁ,CHITA,2888,3015,"2961,878202"
BOYACÁ,CHITARAQUE,1564,1631,"1593,623215"
BOYACÁ,CHIVATÁ,2919,2957,"2936,472153"
BOYACÁ,CIÉNEGA,2454,2528,"2482,60895"
BOYACÁ,CÓMBITA,2797,2880,"2841,967401"
BOYACÁ,COPER,951,1047,"991,211346"
BOYACÁ,CORRALES,2404,2472,"2426,59895"
BOYACÁ,COVARACHÍA,2288,2362,"2330,959762"
BOYACÁ,CUBARÁ,345,408,"371,321911"
BOYACÁ,CUCAITA,2639,2706,"2655,971711"
BOYACÁ,CUÍTIVA,2706,2807,"2743,994299"
BOYACÁ,Chíquiza,2961,2996,"2976,71024"
BOYACÁ,CHIVOR,1777,1894,"1832,014943"
BOYACÁ,DUITAMA,2498,2724,"2558,704576"
BOYACÁ,EL COCUY,2648,2775,"2726,076722"
BOYACÁ,EL ESPINO,2091,2200,"2144,180244"
BOYACÁ,FIRAVITOBA,2506,2529,"2511,615435"
BOYACÁ,FLORESTA,2516,2567,"2525,524574"
BOYACÁ,GACHANTIVÁ,2360,2431,"2392,134653"
BOYACÁ,GÁMEZA,2716,2819,"2768,216624"
BOYACÁ,GARAGOA,1567,1790,"1672,920962"
BOYACÁ,GUACAMAYAS,2173,2235,"2206,089907"
BOYACÁ,GUATEQUE,1709,1928,"1822,134679"
BOYACÁ,GUAYATÁ,1650,1791,"1721,935984"
BOYACÁ,GÜICÁN DE LA SIERRA,2836,2956,"2901,266634"
BOYACÁ,IZA,2531,2631,"2550,525322"
BOYACÁ,JENESANO,2076,2175,"2113,00941"
BOYACÁ,JERICÓ,3045,3181,"3097,65296"
BOYACÁ,LABRANZAGRANDE,1102,1146,"1120,940056"
BOYACÁ,LA CAPILLA,1739,1833,"1775,816886"
BOYACÁ,LA VICTORIA,1433,1528,"1484,337634"
BOYACÁ,LA UVITA,2344,2451,"2390,620006"
BOYACÁ,VILLA DE LEYVA,2135,2241,"2163,417634"
BOYACÁ,MACANAL,1614,1776,"1697,557692"
BOYACÁ,MARIPÍ,1235,1343,"1282,903164"
BOYACÁ,MIRAFLORES,1441,1641,"1534,229318"
BOYACÁ,MONGUA,2935,3049,"2985,564583"
BOYACÁ,MONGUÍ,2833,3011,"2924,746197"
BOYACÁ,MONIQUIRÁ,1674,1805,"1705,7675"
BOYACÁ,MOTAVITA,2898,2934,"2918,857237"
BOYACÁ,MUZO,781,922,"868,744345"
BOYACÁ,NOBSA,2491,2566,"2516,482883"
BOYACÁ,NUEVO COLÓN,2429,2563,"2490,005737"
BOYACÁ,OICATÁ,2670,2742,"2721,186895"
BOYACÁ,OTANCHE,975,1186,"1065,738486"
BOYACÁ,PACHAVITA,1978,2039,"2004,83657"
BOYACÁ,PÁEZ,1236,1398,"1312,062134"
BOYACÁ,PAIPA,2506,2706,"2548,712924"
BOYACÁ,PAJARITO,801,866,"821,552408"
BOYACÁ,PANQUEBA,2209,2273,"2246,557267"
BOYACÁ,PAUNA,1070,1190,"1132,585296"
BOYACÁ,PAYA,970,1031,"999,658451"
BOYACÁ,PAZ DE RÍO,2219,2400,"2272,093524"
BOYACÁ,PESCA,2603,2723,"2645,126316"
BOYACÁ,PISBA,1454,1537,"1498,645378"
BOYACÁ,PUERTO BOYACÁ,147,191,"156,086269"
BOYACÁ,QUÍPAMA,1173,1320,"1248,692721"
BOYACÁ,RAMIRIQUÍ,2247,2397,"2327,838888"
BOYACÁ,RÁQUIRA,2158,2258,"2192,261326"
BOYACÁ,RONDÓN,2083,2178,"2125,933913"
BOYACÁ,SABOYÁ,2599,2698,"2637,741607"
BOYACÁ,SÁCHICA,2149,2218,"2168,597093"
BOYACÁ,SAMACÁ,2608,2722,"2627,553125"
BOYACÁ,SAN EDUARDO,1694,1761,"1727,78999"
BOYACÁ,SAN JOSÉ DE PARE,1432,1596,"1499,297371"
BOYACÁ,SAN LUIS DE GACENO,378,471,"401,094347"
BOYACÁ,SAN MATEO,2196,2272,"2236,530398"
BOYACÁ,SAN MIGUEL DE SEMA,2617,2665,"2632,301534"
BOYACÁ,SAN PABLO DE BORBUR,671,776,"711,650862"
BOYACÁ,SANTANA,1548,1692,"1602,327327"
BOYACÁ,SANTA MARÍA,784,1004,"844,194491"
BOYACÁ,SANTA ROSA DE VITERBO,2746,2837,"2776,096098"
BOYACÁ,SANTA SOFÍA,2358,2429,"2391,335852"
BOYACÁ,SATIVANORTE,2596,2784,"2655,2407"
BOYACÁ,SATIVASUR,2580,2646,"2619,664871"
BOYACÁ,SIACHOQUE,2767,2799,"2779,309508"
BOYACÁ,SOATÁ,1934,2101,"2005,100605"
BOYACÁ,SOCOTÁ,2342,2429,"2386,960474"
BOYACÁ,SOCHA,2635,2753,"2692,477095"
BOYACÁ,SOGAMOSO,2485,2679,"2515,798212"
BOYACÁ,SOMONDOCO,1625,1747,"1679,280756"
BOYACÁ,SORA,2677,2729,"2693,867819"
BOYACÁ,SOTAQUIRÁ,2656,2722,"2689,546181"
BOYACÁ,SORACÁ,2809,2853,"2825,156838"
BOYACÁ,SUSACÓN,2456,2527,"2500,332911"
BOYACÁ,SUTAMARCHÁN,2104,2166,"2118,137726"
BOYACÁ,SUTATENZA,1868,2048,"1951,698737"
BOYACÁ,TASCO,2497,2591,"2541,713667"
BOYACÁ,TENZA,1510,1658,"1575,116759"
BOYACÁ,TIBANÁ,2044,2197,"2107,755952"
BOYACÁ,TIBASOSA,2499,2614,"2535,850522"
BOYACÁ,TINJACÁ,2127,2197,"2148,903106"
BOYACÁ,TIPACOQUE,1858,2013,"1912,441322"
BOYACÁ,TOCA,2743,2835,"2778,631479"
BOYACÁ,TOGÜÍ,1644,1714,"1667,905466"
BOYACÁ,TÓPAGA,2861,2935,"2906,942724"
BOYACÁ,TOTA,2816,2933,"2885,105694"
BOYACÁ,TUNUNGUÁ,1258,1320,"1278,648276"
BOYACÁ,TURMEQUÉ,2300,2465,"2384,973006"
BOYACÁ,TUTA,2561,2641,"2585,968416"
BOYACÁ,TUTAZÁ,2866,2941,"2897,239281"
BOYACÁ,ÚMBITA,2447,2579,"2503,295462"
BOYACÁ,VENTAQUEMADA,2617,2738,"2667,058931"
BOYACÁ,VIRACACHÁ,2464,2603,"2548,264725"
BOYACÁ,ZETAQUIRA,1646,1743,"1688,308348"
CALDAS,MANIZALES,1560,2486,"2111,176326"
CALDAS,AGUADAS,2059,2275,"2192,373946"
CALDAS,ANSERMA,1649,1899,"1779,536274"
CALDAS,ARANZAZU,1817,2036,"1914,32662"
CALDAS,BELALCÁZAR,1499,1657,"1596,327886"
CALDAS,CHINCHINÁ,1270,1538,"1387,876074"
CALDAS,FILADELFIA,1550,1699,"1612,219426"
CALDAS,LA DORADA,176,228,"194,807934"
CALDAS,LA MERCED,1692,1893,"1817,217929"
CALDAS,MANZANARES,1778,2057,"1895,755891"
CALDAS,MARMATO,1208,1551,"1357,336749"
CALDAS,MARQUETALIA,1479,1638,"1557,611738"
CALDAS,MARULANDA,2835,2900,"2871,83691"
CALDAS,NEIRA,1814,2076,"1978,640585"
CALDAS,NORCASIA,717,835,"765,00126"
CALDAS,PÁCORA,1734,2028,"1849,25314"
CALDAS,PALESTINA,1374,1647,"1557,471868"
CALDAS,PENSILVANIA,1923,2211,"2071,469289"
CALDAS,RIOSUCIO,1704,1970,"1798,365127"
CALDAS,RISARALDA,1674,1807,"1746,386003"
CALDAS,SALAMINA,1578,2082,"1828,315815"
CALDAS,SAMANÁ,1436,1525,"1483,202865"
CALDAS,SAN JOSÉ,1739,1845,"1797,156209"
CALDAS,SUPÍA,1148,1289,"1186,051937"
CALDAS,VICTORIA,626,860,"738,507699"
CALDAS,VILLAMARÍA,1757,2127,"1947,74771"
CALDAS,VITERBO,965,1023,"989,985904"
CAQUETÁ,FLORENCIA,264,613,"323,382522"
CAQUETÁ,ALBANIA,288,300,"294,848555"
CAQUETÁ,BELÉN DE LOS ANDAQUÍES,312,370,"332,761452"
CAQUETÁ,CARTAGENA DEL CHAIRÁ,223,270,"237,951573"
CAQUETÁ,CURILLO,238,256,"247,012666"
CAQUETÁ,EL DONCELLO,349,480,"378,118267"
CAQUETÁ,EL PAUJÍL,328,420,"358,656393"
CAQUETÁ,LA MONTAÑITA,257,272,"262,535127"
CAQUETÁ,MILÁN,232,248,"239,630342"
CAQUETÁ,MORELIA,272,286,"280,053843"
CAQUETÁ,PUERTO RICO,263,296,"276,159456"
CAQUETÁ,SAN JOSÉ DEL FRAGUA,375,428,"401,935147"
CAQUETÁ,SAN VICENTE DEL CAGUÁN,269,340,"293,231941"
CAQUETÁ,SOLANO,203,226,"220,037547"
CAQUETÁ,SOLITA,217,242,"231,389747"
CAQUETÁ,VALPARAÍSO,235,261,"249,07117"
CAUCA,POPAYÁN,1684,1912,"1784,905081"
CAUCA,ALMAGUER,2166,2292,"2223,53446"
CAUCA,ARGELIA,1214,1349,"1267,697778"
CAUCA,BALBOA,1551,1760,"1647,668994"
CAUCA,BOLÍVAR,1636,1833,"1744,223472"
CAUCA,BUENOS AIRES,1217,1281,"1244,84624"
CAUCA,CAJIBÍO,1821,1872,"1844,292122"
CAUCA,CALDONO,1521,1800,"1692,347288"
CAUCA,CALOTO,1091,1197,"1139,818076"
CAUCA,CORINTO,1062,1143,"1088,114771"
CAUCA,EL TAMBO,1706,1883,"1754,800631"
CAUCA,FLORENCIA,1587,1667,"1624,481212"
CAUCA,GUACHENÉ,1014,1032,"1023,587617"
CAUCA,GUAPI,10,38,"20,89615"
CAUCA,INZÁ,1772,1934,"1841,657"
CAUCA,JAMBALÓ,2234,2429,"2320,035807"
CAUCA,LA SIERRA,1655,1854,"1792,868928"
CAUCA,LA VEGA,2180,2335,"2229,482726"
CAUCA,LÓPEZ,41,76,"57,956522"
CAUCA,MERCADERES,1106,1233,"1187,066098"
CAUCA,MIRANDA,1077,1200,"1126,159639"
CAUCA,MORALES,1666,1735,"1703,025782"
CAUCA,PADILLA,1018,1036,"1025,281082"
CAUCA,Páez,1408,1557,"1463,111725"
CAUCA,Patía,900,1037,"999,792294"
CAUCA,PIAMONTE,318,339,"325,700531"
CAUCA,PIENDAMÓ,1743,1987,"1856,594093"
CAUCA,PUERTO TEJADA,987,1004,"995,298076"
CAUCA,Puracé,2406,2509,"2444,948743"
CAUCA,ROSAS,1688,1770,"1733,359871"
CAUCA,SAN SEBASTIÁN,2081,2232,"2151,972518"
CAUCA,SANTANDER DE QUILICHAO,1027,1186,"1078,264249"
CAUCA,SANTA ROSA,1702,1780,"1741,924419"
CAUCA,SILVIA,2445,2764,"2558,772587"
CAUCA,Sotara,2493,2578,"2534,012175"
CAUCA,SUÁREZ,1037,1329,"1114,34347"
CAUCA,SUCRE,1083,1175,"1134,844944"
CAUCA,TIMBÍO,1798,1894,"1831,646428"
CAUCA,TIMBIQUÍ,1,61,"23,778966"
CAUCA,TORIBÍO,1667,1851,"1741,894075"
CAUCA,TOTORÓ,2515,2669,"2580,137144"
CAUCA,VILLA RICA,974,1009,"996,908232"
CESAR,VALLEDUPAR,119,325,"171,204717"
CESAR,AGUACHICA,116,224,"166,65117"
CESAR,AGUSTÍN CODAZZI,98,168,"129,167317"
CESAR,ASTREA,68,96,"81,892049"
CESAR,BECERRIL,93,119,"108,113377"
CESAR,BOSCONIA,60,112,"77,951888"
CESAR,CHIMICHAGUA,23,47,"34,695251"
CESAR,CHIRIGUANÁ,22,39,"30,398606"
CESAR,CURUMANÍ,43,77,"57,339362"
CESAR,EL COPEY,116,190,"136,761182"
CESAR,EL PASO,24,47,"36,141793"
CESAR,GAMARRA,32,66,"44,637977"
CESAR,GONZÁLEZ,1281,1334,"1309,735849"
CESAR,LA GLORIA,27,47,"33,948968"
CESAR,LA JAGUA DE IBIRICO,107,151,"129,813371"
CESAR,MANAURE BALCÓN DEL CESAR,677,854,"739,971309"
CESAR,PAILITAS,62,108,"74,921356"
CESAR,PELAYA,56,81,"69,702222"
CESAR,PUEBLO BELLO,1048,1177,"1104,07347"
CESAR,RÍO DE ORO,1153,1246,"1186,479055"
CESAR,La Paz,135,231,"156,43851"
CESAR,SAN ALBERTO,108,134,"119,025951"
CESAR,SAN DIEGO,148,189,"167,62843"
CESAR,SAN MARTÍN,92,125,"112,392919"
CESAR,TAMALAMEQUE,24,40,"32,269075"
CÓRDOBA,MONTERÍA,0,80,"18,361809"
CÓRDOBA,AYAPEL,15,44,"27,02063"
CÓRDOBA,BUENAVISTA,51,79,"65,116331"
CÓRDOBA,CANALETE,48,70,"54,668149"
CÓRDOBA,CERETÉ,6,24,"14,338761"
CÓRDOBA,CHIMÁ,4,13,"8,71146"
CÓRDOBA,CHINÚ,95,129,"112,948413"
CÓRDOBA,CIÉNAGA DE ORO,6,57,"20,911747"
CÓRDOBA,COTORRA,3,18,"9,857505"
CÓRDOBA,LA APARTADA,34,52,"41,341746"
CÓRDOBA,LORICA,1,65,"20,233134"
CÓRDOBA,LOS CÓRDOBAS,6,20,"12,422077"
CÓRDOBA,MOMIL,4,16,"9,93325"
CÓRDOBA,MONTELÍBANO,28,68,"51,370462"
CÓRDOBA,MOÑITOS,0,15,"4,486326"
CÓRDOBA,PLANETA RICA,64,100,"85,621419"
CÓRDOBA,Pueblo Nuevo,94,139,"117,648199"
CÓRDOBA,PUERTO ESCONDIDO,1,78,"18,051896"
CÓRDOBA,PUERTO LIBERTADOR,59,101,"76,543992"
CÓRDOBA,PURÍSIMA DE LA CONCEPCIÓN,3,18,"10,687806"
CÓRDOBA,SAHAGÚN,48,103,"78,082251"
CÓRDOBA,SAN ANDRÉS DE SOTAVENTO,72,129,"103,560399"
CÓRDOBA,SAN ANTERO,14,75,"34,446247"
CÓRDOBA,SAN BERNARDO DEL VIENTO,0,13,"6,255797"
CÓRDOBA,SAN CARLOS,7,51,"14,238132"
CÓRDOBA,SAN JOSÉ DE URÉ,99,114,"106,250633"
CÓRDOBA,SAN PELAYO,4,22,"12,2732"
CÓRDOBA,TIERRALTA,42,71,"56,629668"
CÓRDOBA,TUCHÍN,34,76,"49,961897"
CÓRDOBA,VALENCIA,52,81,"67,288335"
CUNDINAMARCA,AGUA DE DIOS,371,585,"402,103248"
CUNDINAMARCA,ALBÁN,2194,2343,"2249,139392"
CUNDINAMARCA,ANAPOIMA,655,799,"736,975589"
CUNDINAMARCA,ANOLAIMA,1599,1754,"1681,573604"
CUNDINAMARCA,ARBELÁEZ,1282,1462,"1381,088871"
CUNDINAMARCA,BELTRÁN,225,266,"244,966418"
CUNDINAMARCA,BITUIMA,1337,1464,"1397,52627"
CUNDINAMARCA,BOJACÁ,2581,2645,"2599,335549"
CUNDINAMARCA,CABRERA,1833,1897,"1862,974227"
CUNDINAMARCA,CACHIPAY,1532,1720,"1626,038547"
CUNDINAMARCA,CAJICÁ,2568,2592,"2580,376141"
CUNDINAMARCA,CAPARRAPÍ,1200,1331,"1280,625187"
CUNDINAMARCA,CÁQUEZA,1593,1847,"1725,217441"
CUNDINAMARCA,CARMEN DE CARUPA,2972,2990,"2982,604506"
CUNDINAMARCA,CHAGUANÍ,1000,1095,"1047,19409"
CUNDINAMARCA,CHÍA,2559,2604,"2576,421618"
CUNDINAMARCA,CHIPAQUE,2406,2518,"2468,362899"
CUNDINAMARCA,CHOACHÍ,1890,2014,"1947,246369"
CUNDINAMARCA,CHOCONTÁ,2643,2727,"2672,928076"
CUNDINAMARCA,COGUA,2628,2691,"2648,459277"
CUNDINAMARCA,COTA,2570,2684,"2585,107919"
CUNDINAMARCA,CUCUNUBÁ,2571,2721,"2593,811024"
CUNDINAMARCA,EL COLEGIO,921,1137,"1029,629687"
CUNDINAMARCA,EL PEÑÓN,1330,1420,"1363,77036"
CUNDINAMARCA,EL ROSAL,2594,2645,"2627,049814"
CUNDINAMARCA,FACATATIVÁ,2579,2837,"2618,78152"
CUNDINAMARCA,FÓMEQUE,1784,2077,"1925,175912"
CUNDINAMARCA,FOSCA,2093,2222,"2142,968442"
CUNDINAMARCA,FUNZA,2557,2595,"2566,265568"
CUNDINAMARCA,FÚQUENE,2854,2925,"2881,4056"
CUNDINAMARCA,FUSAGASUGÁ,1418,1936,"1683,875876"
CUNDINAMARCA,GACHALÁ,1674,1811,"1733,67972"
CUNDINAMARCA,GACHANCIPÁ,2578,2654,"2588,454369"
CUNDINAMARCA,GACHETÁ,1682,1849,"1751,385295"
CUNDINAMARCA,GAMA,2145,2265,"2195,8981"
CUNDINAMARCA,GIRARDOT,270,406,"307,311229"
CUNDINAMARCA,GRANADA,2239,2359,"2305,820591"
CUNDINAMARCA,GUACHETÁ,2684,2797,"2704,707617"
CUNDINAMARCA,GUADUAS,969,1172,"1011,616483"
CUNDINAMARCA,GUASCA,2655,2724,"2684,141325"
CUNDINAMARCA,GUATAQUÍ,244,373,"270,729094"
CUNDINAMARCA,GUATAVITA,2622,2774,"2721,592861"
CUNDINAMARCA,GUAYABAL DE SÍQUIMA,1578,1658,"1615,551534"
CUNDINAMARCA,GUAYABETAL,931,1053,"982,694707"
CUNDINAMARCA,GUTIÉRREZ,2267,2404,"2323,464581"
CUNDINAMARCA,JERUSALÉN,299,331,"314,158537"
CUNDINAMARCA,JUNÍN,2311,2406,"2350,225588"
CUNDINAMARCA,LA CALERA,2684,2845,"2732,988378"
CUNDINAMARCA,LA MESA,1074,1433,"1294,564075"
CUNDINAMARCA,LA PALMA,1357,1600,"1470,207533"
CUNDINAMARCA,LA PEÑA,1166,1295,"1235,414983"
CUNDINAMARCA,LA VEGA,1079,1348,"1215,823726"
CUNDINAMARCA,LENGUAZAQUE,2586,2650,"2605,828928"
CUNDINAMARCA,MACHETÁ,2069,2173,"2110,197723"
CUNDINAMARCA,MADRID,2553,2602,"2569,673085"
CUNDINAMARCA,MANTA,1863,2026,"1931,982184"
CUNDINAMARCA,MEDINA,482,633,"546,926687"
CUNDINAMARCA,MOSQUERA,2553,2585,"2564,725591"
CUNDINAMARCA,NARIÑO,263,325,"283,313362"
CUNDINAMARCA,NEMOCÓN,2586,2670,"2606,59156"
CUNDINAMARCA,NILO,337,441,"359,987203"
CUNDINAMARCA,NIMAIMA,1082,1159,"1117,388721"
CUNDINAMARCA,NOCAIMA,1052,1195,"1132,095877"
CUNDINAMARCA,VENECIA,1581,1684,"1643,365551"
CUNDINAMARCA,PACHO,1639,2006,"1804,543357"
CUNDINAMARCA,PAIME,979,1031,"994,835341"
CUNDINAMARCA,PANDI,875,1029,"949,041036"
CUNDINAMARCA,PARATEBUENO,257,280,"268,619532"
CUNDINAMARCA,PASCA,2112,2263,"2184,306205"
CUNDINAMARCA,PUERTO SALGAR,179,202,"190,917061"
CUNDINAMARCA,PULÍ,1267,1318,"1300,119512"
CUNDINAMARCA,QUEBRADANEGRA,1351,1417,"1384,466003"
CUNDINAMARCA,QUETAME,1364,1588,"1482,587629"
CUNDINAMARCA,QUIPILE,1393,1486,"1458,021965"
CUNDINAMARCA,APULO,423,518,"449,049463"
CUNDINAMARCA,RICAURTE,255,364,"297,69384"
CUNDINAMARCA,SAN ANTONIO DEL TEQUENDAMA,1422,1646,"1512,704579"
CUNDINAMARCA,SAN BERNARDO,1687,1840,"1765,859624"
CUNDINAMARCA,SAN CAYETANO,2801,2909,"2825,538007"
CUNDINAMARCA,SAN FRANCISCO,1441,1597,"1529,589243"
CUNDINAMARCA,SAN JUAN DE RIOSECO,1167,1386,"1293,364718"
CUNDINAMARCA,SASAIMA,1130,1279,"1201,163778"
CUNDINAMARCA,SESQUILÉ,2584,2688,"2623,207088"
CUNDINAMARCA,SIBATÉ,2585,2691,"2603,847512"
CUNDINAMARCA,SILVANIA,1212,1581,"1407,178732"
CUNDINAMARCA,SIMIJACA,2566,2637,"2583,782378"
CUNDINAMARCA,SOACHA,2552,2838,"2592,864195"
CUNDINAMARCA,SOPÓ,2578,2811,"2617,608455"
CUNDINAMARCA,SUBACHOQUE,2650,2697,"2677,162114"
CUNDINAMARCA,SUESCA,2586,2654,"2606,813404"
CUNDINAMARCA,SUPATÁ,1750,1867,"1803,749444"
CUNDINAMARCA,SUSA,2568,2646,"2580,718659"
CUNDINAMARCA,SUTATAUSA,2598,2657,"2614,944526"
CUNDINAMARCA,TABIO,2602,2629,"2609,427615"
CUNDINAMARCA,TAUSA,2945,3056,"2979,860864"
CUNDINAMARCA,TENA,1308,1430,"1376,75913"
CUNDINAMARCA,TENJO,2585,2772,"2609,946869"
CUNDINAMARCA,TIBACUY,1624,1741,"1675,079501"
CUNDINAMARCA,TIBIRITA,1922,2022,"1974,027907"
CUNDINAMARCA,TOCAIMA,361,454,"396,969295"
CUNDINAMARCA,TOCANCIPÁ,2571,2664,"2589,682279"
CUNDINAMARCA,TOPAIPÍ,1294,1429,"1350,865606"
CUNDINAMARCA,UBALÁ,1851,2038,"1933,497856"
CUNDINAMARCA,UBAQUE,1785,1895,"1840,784385"
CUNDINAMARCA,VILLA DE SAN DIEGO DE UBATÉ,2567,2691,"2587,777176"
CUNDINAMARCA,UNE,2353,2439,"2398,1169"
CUNDINAMARCA,ÚTICA,498,668,"529,106521"
CUNDINAMARCA,VERGARA,1492,1624,"1571,794966"
CUNDINAMARCA,VIANÍ,1431,1570,"1504,285599"
CUNDINAMARCA,VILLAGÓMEZ,1638,1752,"1693,421089"
CUNDINAMARCA,VILLAPINZÓN,2709,2831,"2753,558858"
CUNDINAMARCA,VILLETA,765,952,"827,01145"
CUNDINAMARCA,VIOTÁ,563,704,"605,325277"
CUNDINAMARCA,YACOPÍ,1236,1356,"1310,431404"
CUNDINAMARCA,ZIPACÓN,2519,2630,"2564,69197"
CUNDINAMARCA,ZIPAQUIRÁ,2582,2809,"2624,219094"
CHOCÓ,Quibdó,37,125,"73,638248"
CHOCÓ,ACANDÍ,7,26,"17,535657"
CHOCÓ,Alto Baudó,32,48,"38,750991"
CHOCÓ,Atrato,61,86,"71,232093"
CHOCÓ,BAGADÓ,113,162,"135,77608"
CHOCÓ,CIUDAD MÚTIS,16,114,"28,928212"
CHOCÓ,PIZARRO,14,28,"19,024582"
CHOCÓ,BELLAVISTA,27,55,"40,214212"
CHOCÓ,MANAGRÚ,64,73,"67,226751"
CHOCÓ,CURBARADÓ,18,27,"21,791611"
CHOCÓ,CÉRTEGUI,62,97,"74,371679"
CHOCÓ,CONDOTO,60,103,"83,60078"
CHOCÓ,EL CARMEN DE ATRATO,1706,1840,"1749,944779"
CHOCÓ,SANTA GENOVEVA DE DOCORDÓ,10,43,"23,073695"
CHOCÓ,ISTMINA,41,157,"76,394549"
CHOCÓ,JURADÓ,15,36,"22,474203"
CHOCÓ,LLORÓ,58,115,"81,962751"
CHOCÓ,BETÉ,41,57,"49,513514"
CHOCÓ,PUERTO MELUK,18,49,"28,700238"
CHOCÓ,ANDAGOYA,44,124,"71,391618"
CHOCÓ,NÓVITA,69,113,"77,511257"
CHOCÓ,NUQUÍ,16,26,"20,400171"
CHOCÓ,SANTA RITA,134,172,"146,443657"
CHOCÓ,PAIMADÓ,52,69,"59,373883"
CHOCÓ,RIOSUCIO,14,29,"18,743093"
CHOCÓ,SAN JOSÉ DEL PALMAR,1038,1153,"1105,446809"
CHOCÓ,SIPÍ,60,109,"72,877994"
CHOCÓ,TADÓ,75,125,"100,673534"
CHOCÓ,UNGUÍA,17,39,"27,097902"
CHOCÓ,ÁNIMAS,105,137,"115,587794"
HUILA,NEIVA,429,603,"488,244101"
HUILA,ACEVEDO,1131,1263,"1181,387857"
HUILA,AGRADO,839,943,"879,017433"
HUILA,AIPE,392,441,"411,420128"
HUILA,ALGECIRAS,981,1117,"1028,187082"
HUILA,ALTAMIRA,1029,1087,"1055,276912"
HUILA,BARAYA,605,664,"631,140563"
HUILA,CAMPOALEGRE,520,601,"548,466626"
HUILA,COLOMBIA,745,828,"787,957798"
HUILA,ELÍAS,1284,1332,"1319,056269"
HUILA,GARZÓN,782,981,"862,556955"
HUILA,GIGANTE,773,889,"836,955589"
HUILA,GUADALUPE,903,980,"915,097225"
HUILA,HOBO,591,659,"626,650754"
HUILA,ÍQUIRA,1068,1191,"1124,106769"
HUILA,SAN JOSÉ DE ISNOS,1779,1834,"1796,602614"
HUILA,LA ARGENTINA,1473,1630,"1548,217825"
HUILA,LA PLATA,1007,1117,"1048,824153"
HUILA,NÁTAGA,1433,1567,"1502,015783"
HUILA,OPORAPA,1333,1596,"1443,283902"
HUILA,PAICOL,861,914,"888,395845"
HUILA,PALERMO,557,618,"579,01308"
HUILA,PALESTINA,1523,1580,"1555,973743"
HUILA,PITAL,902,995,"945,743837"
HUILA,PITALITO,1267,1320,"1293,348069"
HUILA,RIVERA,671,798,"725,942575"
HUILA,SALADOBLANCO,1457,1543,"1502,222129"
HUILA,SAN AGUSTÍN,1454,1751,"1667,750308"
HUILA,SANTA MARÍA,1298,1429,"1346,064494"
HUILA,SUAZA,957,1040,"979,693644"
HUILA,TARQUI,842,916,"857,185331"
HUILA,TESALIA,827,906,"855,876051"
HUILA,TELLO,564,616,"590,120268"
HUILA,TERUEL,820,966,"886,916551"
HUILA,TIMANÁ,1015,1098,"1041,97708"
HUILA,VILLAVIEJA,383,413,"402,402032"
HUILA,YAGUARÁ,582,625,"600,982242"
LA GUAJIRA,"RIOHACHA, DISTRITO ESPECIAL, TURÍSTICO Y CULTURAL",0,28,"1,795033"
LA GUAJIRA,ALBANIA,59,188,"95,407641"
LA GUAJIRA,BARRANCAS,130,177,"150,558341"
LA GUAJIRA,DIBULLA,0,10,"0,623932"
LA GUAJIRA,DISTRACCIÓN,192,209,"200,631251"
LA GUAJIRA,EL MOLINO,228,265,"245,446855"
LA GUAJIRA,FONSECA,155,193,"175,284408"
LA GUAJIRA,HATONUEVO,155,208,"178,312954"
LA GUAJIRA,LA JAGUA DEL PILAR,181,214,"199,867226"
LA GUAJIRA,MAICAO,20,51,"36,579762"
LA GUAJIRA,MANAURE,0,0,0
LA GUAJIRA,SAN JUAN DEL CESAR,198,226,"209,527594"
LA GUAJIRA,URIBIA,0,22,"8,547632"
LA GUAJIRA,URUMITA,218,277,"242,125739"
LA GUAJIRA,VILLANUEVA,211,255,"230,368329"
MAGDALENA,"SANTA MARTA, DISTRITO TURÍSTICO, CULTURAL E HISTÓRICO",-84,360,"33,404588"
MAGDALENA,ALGARROBO,101,116,"107,566209"
MAGDALENA,ARACATACA,25,60,"37,6786"
MAGDALENA,EL DIFICIL,139,195,"167,530381"
MAGDALENA,CERRO DE SAN ANTONIO,0,12,"3,391538"
MAGDALENA,CHIVOLO,81,136,"121,053913"
MAGDALENA,CIÉNAGA,0,15,"2,595547"
MAGDALENA,CONCORDIA,0,26,"6,457165"
MAGDALENA,EL BANCO,17,40,"27,202441"
MAGDALENA,EL PIÑÓN,0,6,"1,469634"
MAGDALENA,EL RETÉN,16,31,"21,564261"
MAGDALENA,FUNDACIÓN,35,73,"48,132634"
MAGDALENA,GUAMAL,10,32,"23,489475"
MAGDALENA,GRANADA,95,114,"105,340586"
MAGDALENA,PEDRAZA,0,20,"5,81557"
MAGDALENA,PIJIÑO,10,25,"15,912318"
MAGDALENA,PIVIJAY,0,17,"4,836906"
MAGDALENA,PLATO,3,73,"25,607849"
MAGDALENA,PUEBLOVIEJO,0,3,"0,072794"
MAGDALENA,REMOLINO,0,6,"0,424621"
MAGDALENA,SAN ÁNGEL,118,138,"125,441635"
MAGDALENA,SALAMINA,0,4,"0,687918"
MAGDALENA,SAN SEBASTIÁN DE BUENAVISTA,9,29,"18,997383"
MAGDALENA,SAN ZENÓN,6,22,"13,686479"
MAGDALENA,SANTA ANA,6,31,"19,698474"
MAGDALENA,SANTA BÁRBARA DE PINTO,7,30,"15,732991"
MAGDALENA,SITIONUEVO,0,4,"0,134824"
MAGDALENA,TENERIFE,3,23,"10,118762"
MAGDALENA,PUNTA DE PIEDRAS,1,21,"9,633031"
MAGDALENA,PRADO - SEVILLA,21,30,"25,676623"
META,VILLAVICENCIO,360,821,"444,139106"
META,ACACÍAS,505,591,"550,697762"
META,BARRANCA DE UPÍA,217,250,"239,563568"
META,CABUYARO,168,184,"177,846988"
META,CASTILLA LA NUEVA,423,439,"430,510765"
META,CUBARRAL,568,645,"596,32233"
META,CUMARAL,402,452,"423,348235"
META,EL CALVARIO,1818,1983,"1901,45339"
META,EL CASTILLO,356,372,"363,704805"
META,EL DORADO,547,584,"567,919822"
META,FUENTE DE ORO,301,319,"311,436532"
META,GRANADA,326,369,"349,46779"
META,GUAMAL,516,559,"538,397489"
META,MAPIRIPÁN,176,213,"196,986425"
META,MESETAS,539,582,"564,048407"
META,LA MACARENA,239,283,"255,862343"
META,URIBE,687,745,"717,073605"
META,LEJANÍAS,668,727,"699,757966"
META,PUERTO CONCORDIA,197,209,"205,171552"
META,PUERTO GAITÁN,143,190,"164,582899"
META,PUERTO LÓPEZ,175,201,"188,918987"
META,PUERTO LLERAS,243,258,"249,950598"
META,PUERTO RICO,225,238,"231,748026"
META,RESTREPO,471,540,"501,516234"
META,SAN CARLOS DE GUAROA,226,240,"234,530866"
META,SAN JUAN DE ARAMA,446,475,"459,462783"
META,SAN JUANITO,1945,2027,"1979,983487"
META,SAN MARTÍN,412,458,"437,067819"
META,VISTAHERMOSA,292,318,"310,175682"
NARIÑO,SAN JUAN DE PASTO,2406,2757,"2605,845855"
NARIÑO,SAN JOSÉ,1794,2005,"1907,718819"
NARIÑO,ALDANA,3021,3074,"3040,412129"
NARIÑO,ANCUYA,1342,1465,"1393,975526"
NARIÑO,BERRUECOS,2146,2246,"2204,157025"
NARIÑO,BARBACOAS,6,105,"66,74088"
NARIÑO,BELÉN,2433,2543,"2483,77354"
NARIÑO,BUESACO,1904,2074,"1983,6403"
NARIÑO,GÉNOVA,1896,1994,"1941,364455"
NARIÑO,CONSACÁ,1614,1777,"1688,527825"
NARIÑO,CONTADERO,2569,2715,"2642,809779"
NARIÑO,CÓRDOBA,2827,2973,"2893,768189"
NARIÑO,CARLOSAMA,2996,3134,"3058,323018"
NARIÑO,CUMBAL,3132,3223,"3156,966181"
NARIÑO,CUMBITARA,1644,1812,"1728,44814"
NARIÑO,CHACHAGÜÍ,1892,2118,"1993,763414"
NARIÑO,EL CHARCO,11,27,"18,234658"
NARIÑO,EL PEÑOL,1545,1697,"1623,52095"
NARIÑO,EL ROSARIO,1536,1683,"1625,278945"
NARIÑO,EL TABLÓN DE GÓMEZ,1522,1644,"1612,629542"
NARIÑO,EL TAMBO,2181,2346,"2231,649027"
NARIÑO,FUNES,2246,2406,"2311,665801"
NARIÑO,GUACHUCAL,3073,3156,"3116,66487"
NARIÑO,GUAITARILLA,2612,2839,"2667,995009"
NARIÑO,GUALMATÁN,2905,2999,"2943,817498"
NARIÑO,ILES,2957,3096,"3012,142857"
NARIÑO,IMUÉS,2547,2655,"2605,871526"
NARIÑO,IPIALES,2729,3033,"2915,888323"
NARIÑO,LA CRUZ,2361,2544,"2425,488228"
NARIÑO,LA FLORIDA,2114,2270,"2191,596536"
NARIÑO,LA LLANADA,2250,2389,"2324,20239"
NARIÑO,LA TOLA,0,33,"18,795945"
NARIÑO,LA UNIÓN,1660,1973,"1778,881071"
NARIÑO,LEIVA,1476,1686,"1584,783109"
NARIÑO,LINARES,1461,1548,"1504,016327"
NARIÑO,SOTOMAYOR,1462,1696,"1587,900828"
NARIÑO,PAYÁN,46,81,"58,57997"
NARIÑO,PIEDRANCHA,1800,1893,"1839,965269"
NARIÑO,MOSQUERA,11,33,"21,249843"
NARIÑO,NARIÑO,2355,2421,"2384,424074"
NARIÑO,BOCAS DE SATINGA,10,32,"19,138256"
NARIÑO,OSPINA,2817,2935,"2876,96155"
NARIÑO,SALAHONDA,10,29,"18,043305"
NARIÑO,POLICARPA,980,1110,"1057,017657"
NARIÑO,POTOSÍ,2725,2817,"2765,657955"
NARIÑO,PROVIDENCIA,2326,2437,"2364,77707"
NARIÑO,PUERRES,2696,2850,"2788,278199"
NARIÑO,PUPIALES,2942,3042,"2996,17383"
NARIÑO,RICAURTE,1148,1287,"1211,091807"
NARIÑO,SAN JOSÉ,39,62,"54,18556"
NARIÑO,SAMANIEGO,1420,1654,"1531,326246"
NARIÑO,SANDONÁ,1759,1922,"1827,668591"
NARIÑO,SAN BERNARDO,1899,2026,"1972,742262"
NARIÑO,SAN LORENZO,2060,2142,"2094,484519"
NARIÑO,SAN PABLO,1675,1845,"1733,031239"
NARIÑO,SAN PEDRO DE CARTAGO,2053,2142,"2100,768046"
NARIÑO,ISCUANDÉ,14,46,"21,924249"
NARIÑO,GUACHAVÉS,2566,2705,"2644,417461"
NARIÑO,SAPUYES,2980,3064,"3017,310039"
NARIÑO,TAMINANGO,1524,1619,"1564,990574"
NARIÑO,TANGUA,2366,2558,"2458,394461"
NARIÑO,"SAN ANDRÉS DE TUMACO, DISTRITO ESPECIAL, INDUSTRIAL, PORTUARIO, BIODIVERSO Y ECOTURÍSTICO",2,83,"18,949274"
NARIÑO,TÚQUERRES,2965,3208,"3061,536571"
NARIÑO,YACUANQUER,2687,2771,"2731,808604"
NORTE DE SANTANDER,SAN JOSÉ DE CÚCUTA,231,462,"316,183302"
NORTE DE SANTANDER,ÁBREGO,1360,1417,"1392,004489"
NORTE DE SANTANDER,ARBOLEDAS,919,1010,"946,146717"
NORTE DE SANTANDER,BOCHALEMA,991,1152,"1056,607082"
NORTE DE SANTANDER,BUCARASICA,1082,1303,"1151,213457"
NORTE DE SANTANDER,CÁCOTA,2369,2502,"2419,006623"
NORTE DE SANTANDER,CÁCHIRA,1947,2057,"2000,461483"
NORTE DE SANTANDER,CHINÁCOTA,1090,1389,"1249,383867"
NORTE DE SANTANDER,CHITAGÁ,2259,2410,"2325,8723"
NORTE DE SANTANDER,CONVENCIÓN,919,1239,"1072,634772"
NORTE DE SANTANDER,CUCUTILLA,1259,1382,"1292,757801"
NORTE DE SANTANDER,DURANIA,902,1015,"953,727817"
NORTE DE SANTANDER,EL CARMEN,644,786,"712,121275"
NORTE DE SANTANDER,EL TARRA,181,257,"206,773061"
NORTE DE SANTANDER,EL ZULIA,198,255,"221,892141"
NORTE DE SANTANDER,GRAMALOTE,1375,1581,"1468,167363"
NORTE DE SANTANDER,HACARÍ,1026,1201,"1094,528398"
NORTE DE SANTANDER,HERRÁN,1890,2037,"1967,128372"
NORTE DE SANTANDER,LABATECA,1453,1687,"1590,5"
NORTE DE SANTANDER,LA ESPERANZA,161,210,"180,148497"
NORTE DE SANTANDER,LA PLAYA,1420,1474,"1437,562849"
NORTE DE SANTANDER,LOS PATIOS,328,581,"406,186545"
NORTE DE SANTANDER,LOURDES,1354,1460,"1409,737885"
NORTE DE SANTANDER,MUTISCUA,2552,2677,"2607,239488"
NORTE DE SANTANDER,OCAÑA,1121,1305,"1193,676832"
NORTE DE SANTANDER,PAMPLONA,2230,2742,"2372,079775"
NORTE DE SANTANDER,PAMPLONITA,1681,1849,"1754,545356"
NORTE DE SANTANDER,PUERTO SANTANDER,32,52,"45,654878"
NORTE DE SANTANDER,RAGONVALIA,1470,1674,"1570,082306"
NORTE DE SANTANDER,SALAZAR DE LAS PALMAS,815,1038,"883,663615"
NORTE DE SANTANDER,SAN CALIXTO,1575,1854,"1676,068773"
NORTE DE SANTANDER,SAN CAYETANO,229,281,"248,94755"
NORTE DE SANTANDER,SANTIAGO,400,433,"412,831481"
NORTE DE SANTANDER,SARDINATA,278,367,"309,213857"
NORTE DE SANTANDER,SILOS,2634,2807,"2724,577725"
NORTE DE SANTANDER,TEORAMA,1048,1107,"1086,872399"
NORTE DE SANTANDER,TIBÚ,42,89,"64,095968"
NORTE DE SANTANDER,TOLEDO,1535,1712,"1641,754623"
NORTE DE SANTANDER,VILLA CARO,1493,1764,"1619,17757"
NORTE DE SANTANDER,VILLA DEL ROSARIO,319,582,"400,735103"
QUINDIO,ARMENIA,1304,1693,"1477,083078"
QUINDIO,BUENAVISTA,1466,1556,"1499,320423"
QUINDIO,CALARCÁ,1450,1667,"1533,742575"
QUINDIO,CIRCASIA,1695,1869,"1788,621912"
QUINDIO,CÓRDOBA,1447,1601,"1515,71757"
QUINDIO,FILANDIA,1841,1949,"1918,082807"
QUINDIO,GÉNOVA,1405,1547,"1475,76761"
QUINDIO,LA TEBAIDA,1187,1239,"1216,433089"
QUINDIO,MONTENEGRO,1257,1380,"1312,293296"
QUINDIO,PIJAO,1631,1800,"1694,913341"
QUINDIO,QUIMBAYA,1272,1353,"1325,85203"
QUINDIO,SALENTO,1937,2074,"2007,072895"
RISARALDA,PEREIRA,1183,1628,"1371,342078"
RISARALDA,APÍA,1480,1783,"1630,905087"
RISARALDA,BALBOA,1505,1713,"1618,72806"
RISARALDA,BELÉN DE UMBRÍA,1422,1607,"1506,889033"
RISARALDA,DOSQUEBRADAS,1321,1630,"1479,142709"
RISARALDA,GUÁTICA,1819,2016,"1911,816101"
RISARALDA,LA CELIA,1382,1496,"1427,528238"
RISARALDA,LA VIRGINIA,907,948,"926,847143"
RISARALDA,MARSELLA,1524,1701,"1594,885658"
RISARALDA,MISTRATÓ,1507,1638,"1536,88017"
RISARALDA,PUEBLO RICO,1515,1638,"1579,207455"
RISARALDA,QUINCHÍA,1783,1953,"1871,729596"
RISARALDA,SANTA ROSA DE CABAL,1565,1824,"1690,324863"
RISARALDA,SANTUARIO,1523,1798,"1642,737061"
SANTANDER,BUCARAMANGA,615,1400,"862,714907"
SANTANDER,AGUADA,1732,1823,"1775,626359"
SANTANDER,ALBANIA,1544,1713,"1648,708904"
SANTANDER,ARATOCA,1741,1892,"1789,323179"
SANTANDER,BARBOSA,1506,1694,"1591,785632"
SANTANDER,BARICHARA,1190,1392,"1296,655846"
SANTANDER,BARRANCABERMEJA,55,121,"86,823844"
SANTANDER,BETULIA,1781,1903,"1833,688634"
SANTANDER,BOLÍVAR,2128,2213,"2155,753142"
SANTANDER,CABRERA,917,1051,"1004,590828"
SANTANDER,CALIFORNIA,1965,2120,"2030,905782"
SANTANDER,CAPITANEJO,1066,1195,"1114,785232"
SANTANDER,CARCASÍ,2086,2200,"2144,53001"
SANTANDER,CEPITÁ,659,688,"673,920655"
SANTANDER,CERRITO,2422,2669,"2513,121065"
SANTANDER,CHARALÁ,1254,1371,"1299,369457"
SANTANDER,CHARTA,1945,2033,"1995,542161"
SANTANDER,CHIMA,1131,1220,"1163,630708"
SANTANDER,CHIPATÁ,1771,1846,"1808,154033"
SANTANDER,CIMITARRA,151,225,"170,978589"
SANTANDER,CONCEPCIÓN,1977,2098,"2036,359756"
SANTANDER,CONFINES,1502,1554,"1518,017906"
SANTANDER,CONTRATACIÓN,1635,1753,"1684,831874"
SANTANDER,COROMORO,1521,1582,"1550,729445"
SANTANDER,CURITÍ,1457,1573,"1494,741904"
SANTANDER,EL CARMEN DE CHUCURÍ,712,790,"764,709752"
SANTANDER,EL GUACAMAYO,1960,2029,"1992,013076"
SANTANDER,EL PEÑÓN,2534,2621,"2563,98681"
SANTANDER,EL PLAYÓN,430,498,"444,651424"
SANTANDER,ENCINO,1821,1904,"1865,12129"
SANTANDER,ENCISO,1536,1627,"1586,088454"
SANTANDER,FLORIÁN,1598,1715,"1660,576987"
SANTANDER,FLORIDABLANCA,750,1126,"908,289826"
SANTANDER,GALÁN,910,1012,"948,668241"
SANTANDER,GÁMBITA,1886,1974,"1920,104542"
SANTANDER,GIRÓN,671,908,"724,875145"
SANTANDER,GUACA,2271,2430,"2345,112724"
SANTANDER,GUADALUPE,1393,1487,"1448,832206"
SANTANDER,GUAPOTÁ,1438,1540,"1481,261066"
SANTANDER,GUAVATÁ,1949,2026,"1988,222342"
SANTANDER,GÜEPSA,1455,1659,"1547,057815"
SANTANDER,HATO,1292,1388,"1343,437193"
SANTANDER,JESÚS MARÍA,1855,1954,"1896,696702"
SANTANDER,JORDÁN,447,458,"451,884615"
SANTANDER,LA BELLEZA,2155,2257,"2207,207963"
SANTANDER,LANDÁZURI,823,1009,"932,485952"
SANTANDER,LA PAZ,1899,1946,"1920,282768"
SANTANDER,LEBRIJA,1005,1107,"1033,800735"
SANTANDER,LOS SANTOS,1273,1360,"1305,27741"
SANTANDER,MACARAVITA,2278,2377,"2322,607619"
SANTANDER,MÁLAGA,2174,2377,"2232,44037"
SANTANDER,MATANZA,1536,1640,"1589,973402"
SANTANDER,MOGOTES,1675,1716,"1699,379338"
SANTANDER,MOLAGAVITA,2165,2308,"2219,682875"
SANTANDER,OCAMONTE,1382,1444,"1407,869021"
SANTANDER,OIBA,1410,1583,"1462,440074"
SANTANDER,ONZAGA,1920,2053,"1963,798326"
SANTANDER,PALMAR,883,935,"903,325158"
SANTANDER,PALMAS DEL SOCORRO,1139,1231,"1182,579371"
SANTANDER,PÁRAMO,1385,1442,"1417,527709"
SANTANDER,PIEDECUESTA,931,1154,"1017,815373"
SANTANDER,PINCHOTE,1169,1256,"1215,856655"
SANTANDER,PUENTE NACIONAL,1596,1721,"1649,312104"
SANTANDER,PUERTO PARRA,96,108,"102,668121"
SANTANDER,PUERTO WILCHES,51,77,"66,417942"
SANTANDER,RIONEGRO,629,794,"671,562263"
SANTANDER,SABANA DE TORRES,117,156,"136,338005"
SANTANDER,SAN ANDRÉS,1548,1692,"1635,377771"
SANTANDER,SAN BENITO,1343,1412,"1373,225962"
SANTANDER,SAN GIL,1049,1320,"1170,792906"
SANTANDER,SAN JOAQUÍN,1964,2045,"1994,684167"
SANTANDER,SAN JOSÉ DE MIRANDA,1953,2052,"2003,885662"
SANTANDER,SAN MIGUEL,1885,1977,"1936,716602"
SANTANDER,SAN VICENTE DE CHUCURÍ,553,813,"650,205287"
SANTANDER,SANTA BÁRBARA,1879,1950,"1916,252855"
SANTANDER,SANTA HELENA DEL OPÓN,1029,1133,"1081,668297"
SANTANDER,SIMACOTA,1044,1139,"1078,85028"
SANTANDER,SOCORRO,1118,1415,"1276,719301"
SANTANDER,SUAITA,1589,1706,"1643,289187"
SANTANDER,SUCRE,2133,2243,"2186,738508"
SANTANDER,SURATÁ,1727,1815,"1766,854214"
SANTANDER,TONA,1822,1916,"1873,947951"
SANTANDER,VALLE DE SAN JOSÉ,1194,1292,"1242,465753"
SANTANDER,VÉLEZ,2001,2309,"2153,126683"
SANTANDER,VETAS,3154,3333,"3249,751011"
SANTANDER,VILLANUEVA,1438,1531,"1468,397871"
SANTANDER,ZAPATOCA,1572,1801,"1706,002596"
SUCRE,SINCELEJO,143,260,"198,992917"
SUCRE,BUENAVISTA,78,113,"97,009292"
SUCRE,CAIMITO,15,31,"24,026526"
SUCRE,RICAURTE (COLOSÓ),124,168,"145,147387"
SUCRE,COROZAL,137,182,"155,31828"
SUCRE,COVEÑAS,0,33,"8,635459"
SUCRE,CHALÁN,262,339,"287,408494"
SUCRE,EL ROBLE,75,104,"88,663815"
SUCRE,GALERAS,66,101,"82,676443"
SUCRE,GUARANDA,13,31,"22,336489"
SUCRE,LA UNIÓN,37,82,"58,68996"
SUCRE,LOS PALMITOS,166,203,"181,499682"
SUCRE,MAJAGUAL,10,31,"19,426991"
SUCRE,MORROA,150,181,"162,583427"
SUCRE,OVEJAS,220,286,"250,070954"
SUCRE,PALMITO,25,41,"33,357393"
SUCRE,SAMPUÉS,136,178,"157,516669"
SUCRE,SAN BENITO ABAD,14,29,"20,289949"
SUCRE,BETULIA,125,152,"138,084234"
SUCRE,SAN MARCOS,13,38,"25,409417"
SUCRE,SAN ONOFRE,16,46,"29,241435"
SUCRE,SAN PEDRO,124,154,"138,062023"
SUCRE,SINCÉ,113,151,"133,106185"
SUCRE,SUCRE,0,22,"13,56247"
SUCRE,SANTIAGO DE TOLÚ,0,19,"4,365622"
SUCRE,TOLUVIEJO,41,87,"59,289637"
TOLIMA,IBAGUÉ,860,1624,"1131,033565"
TOLIMA,ALPUJARRA,1294,1372,"1328,505395"
TOLIMA,ALVARADO,409,449,"433,750684"
TOLIMA,AMBALEMA,227,302,"254,533327"
TOLIMA,ANZOÁTEGUI,1906,2002,"1964,184831"
TOLIMA,GUAYABAL,291,316,"300,453776"
TOLIMA,ATACO,459,492,"471,984463"
TOLIMA,CAJAMARCA,1775,1974,"1860,196162"
TOLIMA,CARMEN DE APICALÁ,316,362,"334,337959"
TOLIMA,CASABIANCA,2010,2106,"2057,382283"
TOLIMA,CHAPARRAL,762,941,"862,470962"
TOLIMA,COELLO,278,323,"308,30316"
TOLIMA,COYAIMA,357,402,"377,684421"
TOLIMA,CUNDAY,459,521,"475,511793"
TOLIMA,DOLORES,1373,1589,"1452,141862"
TOLIMA,EL ESPINAL,322,353,"337,664222"
TOLIMA,FALAN,915,1061,"993,978377"
TOLIMA,FLANDES,270,323,"302,591982"
TOLIMA,FRESNO,1311,1668,"1514,642726"
TOLIMA,GUAMO,322,350,"334,749068"
TOLIMA,HERVEO,2255,2361,"2321,957075"
TOLIMA,HONDA,204,329,"265,475031"
TOLIMA,ICONONZO,1227,1411,"1315,279429"
TOLIMA,LÉRIDA,326,397,"366,329671"
TOLIMA,LÍBANO,1463,1792,"1590,921305"
TOLIMA,SAN SEBASTIÁN DE MARIQUITA,456,648,"494,577999"
TOLIMA,MELGAR,303,472,"356,247168"
TOLIMA,MURILLO,2923,3054,"3007,967557"
TOLIMA,NATAGAIMA,330,354,"342,243398"
TOLIMA,ORTEGA,382,431,"403,370308"
TOLIMA,PALOCABILDO,1405,1558,"1485,962096"
TOLIMA,PIEDRAS,380,430,"407,936753"
TOLIMA,PLANADAS,1169,1327,"1235,505675"
TOLIMA,PRADO,319,347,"331,354279"
TOLIMA,PURIFICACIÓN,297,354,"320,868696"
TOLIMA,RIOBLANCO,1015,1121,"1062,047059"
TOLIMA,RONCESVALLES,2575,2636,"2611,845144"
TOLIMA,ROVIRA,835,980,"907,577867"
TOLIMA,SALDAÑA,312,336,"328,200186"
TOLIMA,SAN ANTONIO,1392,1586,"1461,828262"
TOLIMA,SAN LUIS,479,510,"494,478135"
TOLIMA,SANTA ISABEL,2236,2351,"2282,362716"
TOLIMA,SUÁREZ,287,314,"305,683246"
TOLIMA,VALLE DE SAN JUAN,593,656,"607,764205"
TOLIMA,VENADILLO,340,368,"353,525021"
TOLIMA,VILLAHERMOSA,1980,2101,"2055,426157"
TOLIMA,VILLARRICA,1092,1246,"1173,312789"
VALLE DEL CAUCA,"SANTIAGO DE CALI, DISTRITO ESPECIAL, DEPORTIVO, CULTURAL, TURÍSTICO, EMPRESARIAL Y DE SERVICIOS",943,1561,"1017,218302"
VALLE DEL CAUCA,ALCALÁ,1239,1294,"1265,328046"
VALLE DEL CAUCA,ANDALUCÍA,963,1006,"982,707381"
VALLE DEL CAUCA,ANSERMANUEVO,938,1041,"980,072372"
VALLE DEL CAUCA,ARGELIA,1498,1602,"1543,096628"
VALLE DEL CAUCA,BOLÍVAR,950,1024,"962,043867"
VALLE DEL CAUCA,"BUENAVENTURA, DISTRITO ESPECIAL, INDUSTRIAL, PORTUARIO, BIODIVERSO Y ECOTURÍSTICO",6,93,"38,341849"
VALLE DEL CAUCA,GUADALAJARA DE BUGA,946,1108,"1001,577018"
VALLE DEL CAUCA,BUGALAGRANDE,961,993,"973,217879"
VALLE DEL CAUCA,CAICEDONIA,1111,1251,"1182,140696"
VALLE DEL CAUCA,DARIÉN,1496,1658,"1556,337"
VALLE DEL CAUCA,CANDELARIA,998,1021,"1005,74674"
VALLE DEL CAUCA,CARTAGO,925,1009,"944,85853"
VALLE DEL CAUCA,DAGUA,835,996,"894,850937"
VALLE DEL CAUCA,EL ÁGUILA,1701,2018,"1866,715127"
VALLE DEL CAUCA,EL CAIRO,1889,1990,"1941,990658"
VALLE DEL CAUCA,EL CERRITO,1003,1044,"1019,230425"
VALLE DEL CAUCA,EL DOVIO,1438,1593,"1462,650864"
VALLE DEL CAUCA,FLORIDA,1051,1097,"1070,970377"
VALLE DEL CAUCA,GINEBRA,1041,1075,"1058,864546"
VALLE DEL CAUCA,GUACARÍ,988,1016,"1001,236966"
VALLE DEL CAUCA,JAMUNDÍ,976,1067,"999,202627"
VALLE DEL CAUCA,LA CUMBRE,1495,1652,"1587,458826"
VALLE DEL CAUCA,LA UNIÓN,940,1093,"982,153396"
VALLE DEL CAUCA,LA VICTORIA,924,1011,"949,448085"
VALLE DEL CAUCA,OBANDO,949,999,"960,587256"
VALLE DEL CAUCA,PALMIRA,1008,1072,"1034,476573"
VALLE DEL CAUCA,PRADERA,1061,1112,"1086,009745"
VALLE DEL CAUCA,RESTREPO,1401,1454,"1424,381364"
VALLE DEL CAUCA,RIOFRÍO,958,1015,"971,216291"
VALLE DEL CAUCA,ROLDANILLO,949,1104,"973,208651"
VALLE DEL CAUCA,SAN PEDRO,995,1064,"1015,143648"
VALLE DEL CAUCA,SEVILLA,1545,1734,"1650,934293"
VALLE DEL CAUCA,TORO,960,1046,"980,552455"
VALLE DEL CAUCA,TRUJILLO,1301,1406,"1343,891767"
VALLE DEL CAUCA,TULUÁ,974,1073,"1005,852466"
VALLE DEL CAUCA,ULLOA,1358,1457,"1398,659269"
VALLE DEL CAUCA,VERSALLES,1796,1963,"1879,033624"
VALLE DEL CAUCA,VIJES,976,1096,"1002,476062"
VALLE DEL CAUCA,YOTOCO,962,1010,"981,02071"
VALLE DEL CAUCA,YUMBO,963,1290,"1004,831837"
VALLE DEL CAUCA,ZARZAL,932,996,"949,399532"
ARAUCA,ARAUCA,105,131,"122,190647"
ARAUCA,ARAUQUITA,145,161,"152,540037"
ARAUCA,CRAVO NORTE,93,107,"98,498087"
ARAUCA,FORTUL,215,252,"234,504011"
ARAUCA,PUERTO RONDÓN,126,139,"132,81937"
ARAUCA,SARAVENA,187,265,"222,726169"
ARAUCA,TAME,262,444,"354,722782"
CASANARE,YOPAL,288,489,"333,019941"
CASANARE,AGUAZUL,273,324,"287,993279"
CASANARE,CHÁMEZA,1107,1190,"1145,972999"
CASANARE,HATO COROZAL,242,268,"255,971599"
CASANARE,LA SALINA,1453,1662,"1541,76905"
CASANARE,MANÍ,171,189,"181,169889"
CASANARE,MONTERREY,407,495,"455,875699"
CASANARE,NUNCHÍA,379,449,"398,680204"
CASANARE,OROCUÉ,118,142,"132,234463"
CASANARE,PAZ DE ARIPORO,249,315,"273,314197"
CASANARE,PORE,272,306,"287,978235"
CASANARE,RECETOR,741,860,"792,348387"
CASANARE,SABANALARGA,465,498,"483,156489"
CASANARE,SÁCAMA,1205,1373,"1321,110431"
CASANARE,SAN LUIS DE PALENQUE,163,180,"172,735975"
CASANARE,TÁMARA,1073,1173,"1118,085121"
CASANARE,TAURAMENA,450,487,"467,167216"
CASANARE,TRINIDAD,161,177,"167,45594"
CASANARE,VILLANUEVA,260,318,"293,726289"
PUTUMAYO,MOCOA,585,819,"676,189959"
PUTUMAYO,COLÓN,2099,2186,"2122,64696"
PUTUMAYO,ORITO,335,393,"360,160355"
PUTUMAYO,PUERTO ASÍS,267,289,"273,928361"
PUTUMAYO,PUERTO CAICEDO,284,311,"295,458569"
PUTUMAYO,PUERTO GUZMÁN,283,304,"293,703287"
PUTUMAYO,PUERTO LEGUÍZAMO,191,218,"204,050815"
PUTUMAYO,SIBUNDOY,2109,2191,"2134,122474"
PUTUMAYO,SAN FRANCISCO,2152,2246,"2188,487054"
PUTUMAYO,LA DORADA,319,339,"324,763796"
PUTUMAYO,SANTIAGO,2107,2249,"2142,410387"
PUTUMAYO,LA HORMIGA,326,364,"339,459999"
PUTUMAYO,VILLAGARZÓN,428,500,"445,312957"
"Archipiélago de San Andrés, Providencia y Santa Catalina",F,,,
"Archipiélago de San Andrés, Providencia y Santa Catalina",F,,,
AMAZONAS,LETICIA,58,118,"95,792427"
AMAZONAS,F,,,
AMAZONAS,F,,,
AMAZONAS,F,,,
AMAZONAS,F,,,
AMAZONAS,F,,,
AMAZONAS,F,,,
AMAZONAS,F,,,
AMAZONAS,PUERTO NARIÑO,82,121,"99,297417"
AMAZONAS,F,,,
AMAZONAS,F,,,
GUAINÍA,INÍRIDA,72,110,"91,292236"
GUAINÍA,F,,,,
GUAINÍA,F,,,,
GUAINÍA,F,,,,
GUAINÍA,F,,,,
GUAINÍA,F,,,,
GUAINÍA,F,,,,
GUAINÍA,F,,,,
GUAINÍA,F,,,,
GUAVIARE,SAN JOSÉ DEL GUAVIARE,181,214,"200,990218"
GUAVIARE,CALAMAR,230,246,"237,476226"
GUAVIARE,EL RETORNO,204,232,"214,67659"
GUAVIARE,MIRAFLORES,205,239,"227,337531"
VAUPÉS,MITÚ,175,201,"183,95694"
VAUPÉS,CARURÚ,207,239,"219,093723"
VAUPÉS,F,,,,
VAUPÉS,TARAIRA,124,156,"137,515855"
VAUPÉS,F,,,,
VAUPÉS,F,,,,
VICHADA,PUERTO CARREÑO,25,79,"43,238541"
VICHADA,LA PRIMAVERA,96,130,"114,944977"
VICHADA,SANTA ROSALÍA,108,125,"116,188453"
VICHADA,CUMARIBO,149,169,"157,910636"
